{"cameraMode":{"drawMode":0,"name":"Shaded","section":"Shading Mode"},"sceneLighting":false,"audioPlay":false,"sceneViewState":{"m_AlwaysRefresh":true,"showFog":true,"showSkybox":false,"showFlares":true,"showImageEffects":true,"showParticleSystems":true,"showVisualEffectGraphs":true,"m_FxEnabled":true},"in2DMode":false,"pivot":{"x":-0.005448341369628906,"y":11.351336479187012,"z":4.219900131225586},"rotation":{"x":-0.07219007611274719,"y":0.5700885653495789,"z":0.05045957863330841,"w":0.816871166229248},"size":8.968472480773926,"orthographic":false}